SET FOREIGN_KEY_CHECKS = 0;

INSERT INTO `wrole` (`id`, `created`, `updated`, `uuid`, `domain`, `name`, `rolename`, `lastupdatebyuser`)
VALUES
	(1,NOW(),NOW(), X'9C3F73294B114AFDA43A861E45F90323','system','Facilities Manager','fm',NULL),
	(2,NOW(),NOW(), X'9A83A90F669646DF8C5893932B714CA6','system','System Administrator','sa',NULL),
	(3,NOW(),NOW(), X'1246ED2D05A5474EB0547B091F035CEB','system','General Administrator','ga',NULL),
	(4,NOW(),NOW(), X'5899784899B841D5B9181C1DFB2137D4','department','Department Administrator','da',NULL),
	(5,NOW(),NOW(), X'15AC1B7B67154CFD908640F7F4D45A61','system','Facilities Tech','ft',NULL),
	(6,NOW(),NOW(), X'CCACC1BD0F5440C69277E286AA51CB1C','lab','Primary Investigator','pi',NULL),
	(7,NOW(),NOW(), X'A95204D19D1A44C8A6AC63E282AD3DA3','lab','Lab Manager','lm',NULL),
	(8,NOW(),NOW(), X'8BEA294813A740C197E27159AA6EC082','lab','Lab Member','lu',NULL),
	(9,NOW(),NOW(), X'0A892087C552488EA7AACCDB32668666','job','Job Submitter','js',NULL),
	(10,NOW(),NOW(), X'64188E72A36A4C75AAA4E9C22D8C6D31','job','Job Viewer','jv',NULL),
	(11,NOW(),NOW(), X'884D477070704C72B616C211113FF889','system','Super User','su',NULL),
	(12,NOW(),NOW(), X'91748F61E6E44FEDB91A1F1CF95C492E','lab','Lab Member Inactive','lx',NULL),
	(13,NOW(),NOW(), X'33640EC84E564160AD486E9D770EFB58','lab','Lab Member Pending','lp',NULL),
	(14,NOW(),NOW(), X'22FE7ABD37CF4F30A1D4D69EA30EBAA9','jobdraft','Job Drafter','jd',NULL),
	(15,NOW(),NOW(), X'50AF9690E5D340A0A048BFA09F3574F3','user','User','u',NULL),
	(16,NOW(),NOW(), X'32A92639A1A04339AB7A1C4A8F64E2A5','system','wasp','w',NULL);

/*!40000 ALTER TABLE `wrole` ENABLE KEYS */;
UNLOCK TABLES;

LOCK TABLES `roleset` WRITE;
/*!40000 ALTER TABLE `roleset` DISABLE KEYS */;

INSERT INTO `roleset` (`id`, `created`, `updated`, `uuid`, `childroleid`, `parentroleid`, `lastupdatebyuser`)
VALUES
	(1,NOW(), NOW(),X'625D4EFC70E14C98A560E50F8F91B259',4,4,NULL),
	(2,NOW(), NOW(),X'3650068744664DF3A2CB54B914B01F6C',1,1,NULL),
	(3,NOW(), NOW(),X'CA88D3335BB94DE6BDC5F34A06617FA6',5,5,NULL),
	(4,NOW(), NOW(),X'B5D4653C948948F39D679904F6F71ECD',3,3,NULL),
	(5,NOW(), NOW(),X'8BC1E403045E4588A741E6210522A8F4',14,14,NULL),
	(6,NOW(), NOW(),X'D2AE85AB31FD4DE2AEDE6B26EF51A994',9,9,NULL),
	(7,NOW(), NOW(),X'EACCB52327FA4E73AB61C34A743556EF',10,10,NULL),
	(8,NOW(), NOW(),X'98C8DB18CBBF456AB96A6819722D6DB5',7,7,NULL),
	(9,NOW(), NOW(),X'5DCFDC78DFC44A0E96ECCFB2225FCF32',13,13,NULL),
	(10,NOW(), NOW(),X'5EB0A6FADFE148FDB32BB5A50DE004E0',8,8,NULL),
	(11,NOW(), NOW(),X'6CF698B68CBD43BD8949D0E26C143750',12,12,NULL),
	(12,NOW(), NOW(),X'D102A3C819F04F319EA21683A29B26ED',6,6,NULL),
	(13,NOW(), NOW(),X'3D0EB3C03063419D9DB532A35CB804B2',2,2,NULL),
	(14,NOW(), NOW(),X'38DBD848C0F74FBF8C3452B450B6B06D',11,11,NULL),
	(15,NOW(), NOW(),X'359FA0887C2E4645AF14528C7C367180',15,15,NULL),
	(16,NOW(), NOW(),X'7BE12CE4D26F4928AFC0C6E976992D69',5,1,NULL),
	(17,NOW(), NOW(),X'CC731AC0FD2E438F898D32731620193C',7,6,NULL),
	(18,NOW(), NOW(),X'5FE7348CAB944DE583E041158809D86E',8,6,NULL),
	(19,NOW(), NOW(),X'C836C4DCEF124828B5429CFA61B8115F',8,7,NULL),
	(20,NOW(), NOW(),X'D8850F3408684930AD64D00512979DDB',10,9,NULL),
	(21,NOW(), NOW(),X'F476FB317231445ABC4084FD2582080B',1,11,NULL),
	(22,NOW(), NOW(),X'B9A6915609BA4062991E9BEDED4C7B68',2,11,NULL),
	(23,NOW(), NOW(),X'CD0351630C9B4726A993DBB1B63CE559',3,11,NULL),
	(24,NOW(), NOW(),X'AFE6BBF22AEF453BA98DEFD35F6519E6',5,11,NULL),
	(25,NOW(), NOW(),X'09BE517B49CF431CA329E59D1D2706B2',16,16,NULL);

/*!40000 ALTER TABLE `roleset` ENABLE KEYS */;
UNLOCK TABLES;
	
LOCK TABLES `wuser` WRITE;
/*!40000 ALTER TABLE `wuser` DISABLE KEYS */;

INSERT INTO `wuser` (`id`, `created`, `updated`, `uuid`, `email`, `firstname`, `isactive`, `lastname`, `locale`, `login`, `password`, `lastupdatebyuser`)
VALUES
	(1,NOW(),NOW(),X'A51CBFE14EE74AA7A1BB55CB121D186F','wasp@einstein.yu.edu','Wasp',0,'System','en_US','wasp','12dea96fec20593566ab75692c9949596833adc9',1),
	(2,NOW(),NOW(),X'F80DAC4D82CE49F89725374EAF5F4C6E','super@super.com','Super',1,'User','en_US','super','12dea96fec20593566ab75692c9949596833adc9',1),
	(3,NOW(),NOW(),X'EBAD7E56CB584708AC1AC29683DEE8F2','john.smithl@abc.edu','John',1,'Smith','en_US','jsmith','12dea96fec20593566ab75692c9949596833adc9',1),
	(4,NOW(),NOW(),X'0D72336D70E742EEB2E36D1D99809B10','j.doe@abc.com','Joe',1,'Doe','en_US','jdoe','12dea96fec20593566ab75692c9949596833adc9',1),
	(5,NOW(),NOW(),X'8D4F9F940F214731B2A9937D6B78C27B','peter@abc2.com','Peter',1,'Walters','en_US','pwalters','a609590597a1907002ddaa51054df6d6d7758005',1),
	(6,NOW(),NOW(),X'3D1C8E014DB6484E97410863D083432C','ss@abc.com','Sally',1,'Smythe','en_US','ssmythe','12dea96fec20593566ab75692c9949596833adc9',1),
	(7,NOW(),NOW(),X'370581596FEB4E1F9C9287E5A6D46AD9','npeters@abc.com','Nancy',1,'Peters','en_US','npeters','12dea96fec20593566ab75692c9949596833adc9',1),
	(8,NOW(),NOW(),X'5C4A9363181043A096C552AE49927D05','andrew.godwin@abc.com','Andrew',1,'Godwin','en_US','agodwin','12dea96fec20593566ab75692c9949596833adc9',1),
	(9,NOW(),NOW(),X'4B27CB1EA4534C6CA4D2D5FE055D6267','franny@abc.com','Fran',1,'Williams','en_US','fwilliams','12dea96fec20593566ab75692c9949596833adc9',1),
	(10,NOW(),NOW(),X'341557F5DFDA402DB080D2C894151B52','fishyface@abc.com','Barrry',1,'Fish','en_US','bfish','12dea96fec20593566ab75692c9949596833adc9',1),
	(11,NOW(),NOW(),X'045BF82ECE7942A6BF5840902F7F6151','Liu@abc.com','Percy',1,'Liu','en_US','pliu','12dea96fec20593566ab75692c9949596833adc9',1),
	(12,NOW(),NOW(),X'D03FF0B3516746158E5B5FB8DF8B6DFD','robin@abc.com','Robin',1,'Lister','en_US','robin','12dea96fec20593566ab75692c9949596833adc9',1),
	(13,NOW(),NOW(),X'96721D8E94084AA2BED8C839D99881F3','mac@abc.com','Simon',1,'McDonald','en_US','mac','12dea96fec20593566ab75692c9949596833adc9',1),
	(14,NOW(),NOW(),X'7927EF8FA55E4E5AB48B61C0398827FD','gd@abc.com','Grainne',1,'O\'Donovan','en_US','gdon','12dea96fec20593566ab75692c9949596833adc9',1);

/*!40000 ALTER TABLE `wuser` ENABLE KEYS */;
UNLOCK TABLES;

LOCK TABLES `userrole` WRITE;
/*!40000 ALTER TABLE `userrole` DISABLE KEYS */;

INSERT INTO `userrole` (`id`, `created`, `updated`, `uuid`, `roleid`, `userid`, `lastupdatebyuser`)
VALUES
	(1,NOW(),NOW(),X'6DCFCF48680B4536914F1CD38D407913',11,2,1),
	(2,NOW(),NOW(),X'EC79AB0DF4434CE786E33AA6DCF2BDD4',1,3,1),
	(4,NOW(),NOW(),X'3EC8D7F91C604388A42D29604A31CB05',3,12,1),
	(5,NOW(),NOW(),X'5FB0FB8E7BEC4CE289826121533E3D86',5,5,1);

/*!40000 ALTER TABLE `userrole` ENABLE KEYS */;
UNLOCK TABLES;

LOCK TABLES `usermeta` WRITE;
/*!40000 ALTER TABLE `usermeta` DISABLE KEYS */;

INSERT INTO `usermeta` (`id`, `created`, `updated`, `uuid`, `k`, `position`, `rolevisibility`, `v`, `userid`, `lastupdatebyuser`)
VALUES
	(1,NOW(),NOW(),X'293B13835E584F0C916BD728F42B9E39','user.title',0,NULL,'Dr',3,NULL),
	(2,NOW(),NOW(),X'23C3602E2C874CB08F69C443C51EF1CA','user.institution',0,NULL,'Einstein',3,NULL),
	(3,NOW(),NOW(),X'86CF9706268D4FDDBBD3DFB8279D9252','user.departmentId',0,NULL,'1',3,NULL),
	(4,NOW(),NOW(),X'55E43093D5414C62AA552CED1D416C0A','user.building_room',0,NULL,'Price 954',3,NULL),
	(5,NOW(),NOW(),X'24DC65BD577F4B449D38C367BF4454D3','user.address',0,NULL,'1301 Morris Park Ave',3,NULL),
	(6,NOW(),NOW(),X'A0E195468CE843719328B2A1F7F8B95E','user.city',0,NULL,'Bronx',3,NULL),
	(7,NOW(),NOW(),X'02655FD6DA2144E5ACD604E46D723627','user.state',0,NULL,'NY',3,NULL),
	(8,NOW(),NOW(),X'A0C88E4A70E045B1B0584AC97E57F1D0','user.country',0,NULL,'US',3,NULL),
	(9,NOW(),NOW(),X'EF9A9ED5679A4C849CF3E5404623F413','user.zip',0,NULL,'10461',3,NULL),
	(10,NOW(),NOW(),X'6FBA24318ED34804AA59CF001BAE7A63','user.phone',0,NULL,'718-600-1985',3,NULL),
	(11,NOW(),NOW(),X'F1833E3DB63742FB848D3384478E7174','user.fax',0,NULL,'',3,NULL),
	(12,NOW(),NOW(),X'89C93B89EAF44C3C8916F2ACEDB0698B','user.title',0,NULL,'Ms',4,NULL),
	(13,NOW(),NOW(),X'60BF5FF947594B148D64C0D2A463FFBF','user.institution',0,NULL,'Einstein',4,NULL),
	(14,NOW(),NOW(),X'0D03DF804E7546EFBB5AC643B6937E2E','user.departmentId',0,NULL,'1',4,NULL),
	(15,NOW(),NOW(),X'1890CD22952B411D9F0668F91B75FD00','user.building_room',0,NULL,'Price 1003',4,NULL),
	(16,NOW(),NOW(),X'2F148C3A95404B6EAE3C9853F7BC7B73','user.address',0,NULL,'1301 Morris Park Ave.',4,NULL),
	(17,NOW(),NOW(),X'C9A99ED7F86C47C1B80E67075152B7BF','user.city',0,NULL,'Bronx',4,NULL),
	(18,NOW(),NOW(),X'0EE0B6A9439E4BEBA1A873F1AA143AB9','user.state',0,NULL,'NY',4,NULL),
	(19,NOW(),NOW(),X'8184CE4356B54BA08831267E885A5D11','user.country',0,NULL,'US',4,NULL),
	(20,NOW(),NOW(),X'8A01B323F1D64AD8A044809348DC2CBE','user.zip',0,NULL,'10461',4,NULL),
	(21,NOW(),NOW(),X'F9446B35EDAA47FBB31BEFD4916A8D79','user.phone',0,NULL,'718-600-3465',4,NULL),
	(22,NOW(),NOW(),X'442A58ABB7904E9CBC9570C3DEDF5569','user.fax',0,NULL,'',4,NULL),
	(23,NOW(),NOW(),X'FC041CD2A7A3490D8C3CC92B175D66C9','user.title',0,NULL,'Ms',5,NULL),
	(24,NOW(),NOW(),X'78380D85F3B94B8D93FAB3DA05308E4A','user.institution',0,NULL,'Einstein',5,NULL),
	(25,NOW(),NOW(),X'9744B82F2B774FA78E70585145D3BDD3','user.departmentId',0,NULL,'1',5,NULL),
	(26,NOW(),NOW(),X'261AB6AC00044289909F3FA9A6E5F84A','user.building_room',0,NULL,'Price 201',5,NULL),
	(27,NOW(),NOW(),X'B2E9FF0162FF4F87B3A1A5A0F874471B','user.address',0,NULL,'1301 Morris Park Ave.',5,NULL),
	(28,NOW(),NOW(),X'1471EB324776465EA3735F003DA53681','user.city',0,NULL,'Bronx',5,NULL),
	(29,NOW(),NOW(),X'CC4DE4C13AC8494AA348D1EFE381F960','user.state',0,NULL,'NY',5,NULL),
	(30,NOW(),NOW(),X'689F7CF0A05C4A638330DD4CFC070916','user.country',0,NULL,'US',5,NULL),
	(31,NOW(),NOW(),X'E21B02D23CCC49718C345641B2CD16CD','user.zip',0,NULL,'10461',5,NULL),
	(32,NOW(),NOW(),X'ECE07AB65523479A9D912BA9D7436112','user.phone',0,NULL,'718-600-1100',5,NULL),
	(33,NOW(),NOW(),X'265904A3907F4D3C8D5BAFFBFA913CA4','user.fax',0,NULL,'',5,NULL),
	(34,NOW(),NOW(),X'3CA0860BEB634E279783BF5A773D927B','user.title',0,NULL,'Dr',6,NULL),
	(35,NOW(),NOW(),X'042315BDA30343538DB05403DC8E3474','user.institution',0,NULL,'Einstein',6,NULL),
	(36,NOW(),NOW(),X'0AA2EAD6AB064F4C870F44C7A2C8EC01','user.departmentId',0,NULL,'3',6,NULL),
	(37,NOW(),NOW(),X'C09AFCFABE6B41DEAE91D8AF5DCAF3A8','user.building_room',0,NULL,'Price 2200',6,NULL),
	(38,NOW(),NOW(),X'E01BB247E2EA4D1B832957618ACE6BF7','user.address',0,NULL,'1301 Morris Park Ave.',6,NULL),
	(39,NOW(),NOW(),X'A5E2147EAEA746AFAC40D5F4111CA5B0','user.city',0,NULL,'Bronx',6,NULL),
	(40,NOW(),NOW(),X'BD6759F5CF844D3192DBC70FE5F2757F','user.state',0,NULL,'NY',6,NULL),
	(41,NOW(),NOW(),X'23725398AD944AB9A482497262258D7B','user.country',0,NULL,'US',6,NULL),
	(42,NOW(),NOW(),X'92BF62CAA17141F1BBB1EC6346FDA1F6','user.zip',0,NULL,'10461',6,NULL),
	(43,NOW(),NOW(),X'AF9377F05B02436A95DB23DAB19F2471','user.phone',0,NULL,'718-123-4567',6,NULL),
	(44,NOW(),NOW(),X'717F296DC16846FBA0CC9002E7624AFA','user.fax',0,NULL,'',6,NULL),
	(45,NOW(),NOW(),X'FA5F924581AD4231BBF7E00D7668D68B','user.labName',0,NULL,'Greally Lab',6,NULL),
	(46,NOW(),NOW(),X'A0B796D5810D47689087390DD5BC9CCB','user.title',0,NULL,'Ms',7,NULL),
	(47,NOW(),NOW(),X'C7E0CBDF0EF340428FD860424A7692BC','user.institution',0,NULL,'Einstein',7,NULL),
	(48,NOW(),NOW(),X'AF1932CC54114450B5722D00C6934327','user.departmentId',0,NULL,'3',7,NULL),
	(49,NOW(),NOW(),X'5D7132A021354F08B4386F076EE1769E','user.building_room',0,NULL,'Price 2220',7,NULL),
	(50,NOW(),NOW(),X'F3062D90D83447ED86279038B9B495A8','user.address',0,NULL,'1301 Morris Park Ave.',7,NULL),
	(51,NOW(),NOW(),X'F5715E9F8D1A44469071CC8FFA8AA41D','user.city',0,NULL,'Bronx',7,NULL),
	(52,NOW(),NOW(),X'F71779C9A0654CF1BA11B7D826D51570','user.state',0,NULL,'NY',7,NULL),
	(53,NOW(),NOW(),X'2259CD1C170547308C672F61D373D442','user.country',0,NULL,'US',7,NULL),
	(54,NOW(),NOW(),X'4533EDEB8F9D4A6FABE2C84B8A324CC8','user.zip',0,NULL,'10461',7,NULL),
	(55,NOW(),NOW(),X'DDBBAD2F71C64DEC91EF141F2E1A6E4B','user.phone',0,NULL,'718-608-0000',7,NULL),
	(56,NOW(),NOW(),X'3E0A1D6D92B3448BA921EF2E630A1733','user.fax',0,NULL,'',7,NULL),
	(57,NOW(),NOW(),X'BC47F2B05741491883C56009D3823C6B','user.primaryuserid',0,NULL,'jgreally',8,NULL),
	(58,NOW(),NOW(),X'ABE40EBC37864F7FA8025B71D25413D8','user.title',0,NULL,'Prof',8,NULL),
	(59,NOW(),NOW(),X'FB34E5A15E9B46C9B10EA645B826E76A','user.institution',0,NULL,'Einstein',8,NULL),
	(60,NOW(),NOW(),X'1E3D9AA12EE7472CAD0E4733CEB97260','user.departmentId',0,NULL,'3',8,NULL),
	(61,NOW(),NOW(),X'332044EFBBC24A808A492398F65EBBAB','user.building_room',0,NULL,'Price 933',8,NULL),
	(62,NOW(),NOW(),X'01569FB4C3CA49839BBBA141265884C7','user.address',0,NULL,'1301 Morris Park Ave.',8,NULL),
	(63,NOW(),NOW(),X'3F492B09652748E2AA069E90EC817666','user.city',0,NULL,'Bronx',8,NULL),
	(64,NOW(),NOW(),X'C96C244B62CA420497618A360FEFCE81','user.state',0,NULL,'NY',8,NULL),
	(65,NOW(),NOW(),X'598AA2BA60B14141A42A054899F9D3C7','user.country',0,NULL,'US',8,NULL),
	(66,NOW(),NOW(),X'F3DE71B20686425A98247579BD4764C5','user.zip',0,NULL,'10461',8,NULL),
	(67,NOW(),NOW(),X'7FE18C9BC03D4F9E84B388AE243337EE','user.phone',0,NULL,'718-600-1192',8,NULL),
	(68,NOW(),NOW(),X'7EBAA127D11F4E1780545896BFBE0109','user.fax',0,NULL,'',8,NULL),
	(69,NOW(),NOW(),X'55737E230DDD4EC28581DC2033764237','user.labName',0,NULL,'Goldin Lab',8,NULL),
	(70,NOW(),NOW(),X'98D74D2912C748B190676428DF0FC2AD','user.title',0,NULL,'Dr',9,NULL),
	(71,NOW(),NOW(),X'1827CEF278D44BC9830A481936C4365B','user.institution',0,NULL,'Einstein',9,NULL),
	(72,NOW(),NOW(),X'D454DC61D36F48548D9DF7836A3E3E5D','user.departmentId',0,NULL,'3',9,NULL),
	(73,NOW(),NOW(),X'E01D8DDB28F449409CB3203E0293928A','user.building_room',0,NULL,'Price 654',9,NULL),
	(74,NOW(),NOW(),X'1AADE2C63B7D4E48B53D55CEC48CBFDC','user.address',0,NULL,'1301 Morris Park Ave.',9,NULL),
	(75,NOW(),NOW(),X'323FC6E68197455C9D8C9175C68BD9FE','user.city',0,NULL,'Bronx',9,NULL),
	(76,NOW(),NOW(),X'589846335D91417C9D038D7BA39DD19F','user.state',0,NULL,'NY',9,NULL),
	(77,NOW(),NOW(),X'AEE20CBF5E0F45658D6E388C26A81944','user.country',0,NULL,'US',9,NULL),
	(78,NOW(),NOW(),X'688B37F1990D4E21A5821AF3B05F350E','user.zip',0,NULL,'10461',9,NULL),
	(79,NOW(),NOW(),X'49A8E1497AD54AD7AD41ED458041B958','user.phone',0,NULL,'718-600-0019',9,NULL),
	(80,NOW(),NOW(),X'72FE8C8C069C487592E7A58B1A0DB28F','user.fax',0,NULL,'718-600-0020',9,NULL),
	(81,NOW(),NOW(),X'C5E2D5CC4FE147709F480129828CA157','user.labName',0,NULL,'Auton Lab',9,NULL),
	(82,NOW(),NOW(),X'93A2F9B8E181472C90476B5F39357C79','user.title',0,NULL,'Dr',10,NULL),
	(83,NOW(),NOW(),X'D1690FAFB3C04FF4AF4E39498A61AD1F','user.institution',0,NULL,'NYU Medical',10,NULL),
	(84,NOW(),NOW(),X'3D9B7268F7BB47A99494281857049138','user.departmentId',0,NULL,'2',10,NULL),
	(85,NOW(),NOW(),X'28C0F8A7FD704766BD53178FE84FA4B1','user.building_room',0,NULL,'Hammer 1406',10,NULL),
	(86,NOW(),NOW(),X'70D103FA8E7845DA8701E1843CE4BCB8','user.address',0,NULL,'16-50 54th Street',10,NULL),
	(87,NOW(),NOW(),X'5E241D29B5F74AFC9568CFE488A0B377','user.city',0,NULL,'New York',10,NULL),
	(88,NOW(),NOW(),X'C6D63704A73A4117A91C7E3B65E5FF59','user.state',0,NULL,'NY',10,NULL),
	(89,NOW(),NOW(),X'A9DDD745B68E41ECB872CA3BC471F59A','user.country',0,NULL,'US',10,NULL),
	(90,NOW(),NOW(),X'CBC3F9C0588743679161E2FF2FF82743','user.zip',0,NULL,'10002',10,NULL),
	(91,NOW(),NOW(),X'1239E07B105D49BEAE9C6E3C63BAE7C9','user.phone',0,NULL,'212-445-2345',10,NULL),
	(92,NOW(),NOW(),X'7946695B0D264A8A9F7B27233E48F48D','user.fax',0,NULL,'',10,NULL),
	(93,NOW(),NOW(),X'4597A3CD619F4BAFBCC150F480312E86','user.labName',0,NULL,'Trokie Lab',10,NULL),
	(94,NOW(),NOW(),X'7DF3B9B173AE4F47979308097021058F','user.title',0,NULL,'Dr',11,NULL),
	(95,NOW(),NOW(),X'C3AF49A247BB4EFDB29E290AB70FF43C','user.institution',0,NULL,'Einstein',11,NULL),
	(96,NOW(),NOW(),X'8A1BEFDC421A4016A5EDFA5AA518D9E8','user.departmentId',0,NULL,'3',11,NULL),
	(97,NOW(),NOW(),X'E4FEC4143A93480CAC8ED5CAA687D184','user.building_room',0,NULL,'Price 2222',11,NULL),
	(98,NOW(),NOW(),X'852110F51C3740149CC29D20DDEBF431','user.address',0,NULL,'1301 Morris Park Ave',11,NULL),
	(99,NOW(),NOW(),X'D60B6466D31E4944B536905FD8DD7C2B','user.city',0,NULL,'Bronx',11,NULL),
	(100,NOW(),NOW(),X'52264A7CE6A946C1BADCE4AFA38A385C','user.state',0,NULL,'NY',11,NULL),
	(101,NOW(),NOW(),X'2A349213347047D88D903D2F885EC477','user.country',0,NULL,'US',11,NULL),
	(102,NOW(),NOW(),X'27FA86DF25254927B0B82F976864F75B','user.zip',0,NULL,'10461',11,NULL),
	(103,NOW(),NOW(),X'5269E8B56E844811829D1F8F1A794EA6','user.phone',0,NULL,'718-500-6696',11,NULL),
	(104,NOW(),NOW(),X'110BEA0453AD4D09B616BED654ACEFFE','user.fax',0,NULL,'718-500-6697',11,NULL),
	(105,NOW(),NOW(),X'A9F2079A49A348618DC592CD876AE80E','user.primaryuserid',0,NULL,'jgreally',11,NULL),
	(106,NOW(),NOW(),X'C147F2A9982547F3B9A99F78DA451208','user.title',0,NULL,'Mr',12,NULL),
	(107,NOW(),NOW(),X'57B02B3E12654B40B846DE9A0C6FDF2A','user.institution',0,NULL,'Einstein',12,NULL),
	(108,NOW(),NOW(),X'59B68CBC30EB4BBB92A8E8380EEE3455','user.departmentId',0,NULL,'1',12,NULL),
	(109,NOW(),NOW(),X'17E669A9E4D14B4B899F743103957086','user.building_room',0,NULL,'Price 1357',12,NULL),
	(110,NOW(),NOW(),X'3475329003E6431AB758ABF7C2DFFDC0','user.address',0,NULL,'1301 Morris Park Ave.',12,NULL),
	(111,NOW(),NOW(),X'A6263711B0BF4AF38668C2F85A35443A','user.city',0,NULL,'Bronx',12,NULL),
	(112,NOW(),NOW(),X'AF176FA64D354A0DAF8A51FDA7E49ACF','user.state',0,NULL,'NY',12,NULL),
	(113,NOW(),NOW(),X'CFB7E6C4536842938C8FAA29510B58C1','user.country',0,NULL,'US',12,NULL),
	(114,NOW(),NOW(),X'8C49719668E8439987A72572B11D684F','user.zip',0,NULL,'10461',12,NULL),
	(115,NOW(),NOW(),X'16A26714B62142F498FFF244B81C6B2A','user.phone',0,NULL,'718-600-4533',12,NULL),
	(116,NOW(),NOW(),X'91D8DEE1D0C84180B5C244A151E23A5F','user.fax',0,NULL,'',12,NULL),
	(117,NOW(),NOW(),X'6D915A480583481DAECDD047D7EC87AD','user.title',0,NULL,'Prof',13,NULL),
	(118,NOW(),NOW(),X'2F1EB046B0C849D28D7ED10A0580238D','user.institution',0,NULL,'Einstein',13,NULL),
	(119,NOW(),NOW(),X'D0B878EF8BB34A6BA20238EC30AA6A8E','user.departmentId',0,NULL,'3',13,NULL),
	(120,NOW(),NOW(),X'47C20875F9EC4F46B47F84C692F7ECB5','user.building_room',0,NULL,'Price 222',13,NULL),
	(121,NOW(),NOW(),X'0D79D651D42C4DE8938DA90102E17144','user.address',0,NULL,'1301 Morris Park Ave',13,NULL),
	(122,NOW(),NOW(),X'51BC25C8CEDE4D339538D75BF2B6FD80','user.city',0,NULL,'Bronx',13,NULL),
	(123,NOW(),NOW(),X'223DB856477A4E38A7C0BBE0DCF608D7','user.state',0,NULL,'NY',13,NULL),
	(124,NOW(),NOW(),X'4D72F5A4E9B84F33BF398BC16C68EA73','user.country',0,NULL,'US',13,NULL),
	(125,NOW(),NOW(),X'D7C6F01BF60A44D9ACBB06A3475670B9','user.zip',0,NULL,'10461',13,NULL),
	(126,NOW(),NOW(),X'8F4106C7C4D24E4E966B2AB22F54067F','user.phone',0,NULL,'617-600-1313',13,NULL),
	(127,NOW(),NOW(),X'108FA0FB93E845E08B660EC6A8CDDFE1','user.fax',0,NULL,'',13,NULL),
	(128,NOW(),NOW(),X'48FE14A12C0145169FEF99362A885FB3','user.primaryuserid',0,NULL,'agoldin',13,NULL),
	(129,NOW(),NOW(),X'29088538C8284D35AC583BB611A9D034','user.title',0,NULL,'Dr',2,NULL),
	(130,NOW(),NOW(),X'F5A1D29086C3448296664290D6420E24','user.institution',0,NULL,'Einstein',2,NULL),
	(131,NOW(),NOW(),X'39991AAC5BD447B0A8B720028D9D2EE1','user.departmentId',0,NULL,'1',2,NULL),
	(132,NOW(),NOW(),X'EBAC39862B8A444EA7B4FC0CFC44B9F8','user.building_room',0,NULL,'N/A',2,NULL),
	(133,NOW(),NOW(),X'B3C86E3F22C64172B5235AA31EC35628','user.address',0,NULL,'N/A',2,NULL),
	(134,NOW(),NOW(),X'4C2E5B6279004771BA50150939ED230C','user.city',0,NULL,'N/A',2,NULL),
	(135,NOW(),NOW(),X'2B5EA1B4ACB84BEDB21665ABD1B66CA6','user.state',0,NULL,'NY',2,NULL),
	(136,NOW(),NOW(),X'2188B500E0624950BC6211522C9400F8','user.country',0,NULL,'US',2,NULL),
	(137,NOW(),NOW(),X'C1FFCC1699E242759049F0BBB5A7E259','user.zip',0,NULL,'N/A',2,NULL),
	(138,NOW(),NOW(),X'835BE5F788B640DAB840554A5ED63E80','user.phone',0,NULL,'N/A',2,NULL),
	(139,NOW(),NOW(),X'3B6E332170BD49078118ECAC0DBD9F56','user.fax',0,NULL,'N/A',2,NULL),
	(140,NOW(),NOW(),X'7E3BE51EBA6544FCBF7E81AD41BBE1B3','user.title',0,NULL,'Miss',14,NULL),
	(141,NOW(),NOW(),X'08DDF2512D6F4EC3B7BFD8F853D72631','user.institution',0,NULL,'Einstein',14,NULL),
	(142,NOW(),NOW(),X'4E8A62DA04474E5FBD32666BF27DB317','user.departmentId',0,NULL,'1',14,NULL),
	(143,NOW(),NOW(),X'F3E2E889D1D74BE88DFC2FFB4ED16C2A','user.building_room',0,NULL,'4333',14,NULL),
	(144,NOW(),NOW(),X'B65606661C224FAD905B6EAF04429B27','user.address',0,NULL,'Chanin',14,NULL),
	(145,NOW(),NOW(),X'8E874343CCCC4A13AD4AE25877CBF6D5','user.city',0,NULL,'Bronx',14,NULL),
	(146,NOW(),NOW(),X'CCB07D5545E04453BD7480C24E4FD4DB','user.state',0,NULL,'NY',14,NULL),
	(147,NOW(),NOW(),X'F27C0F3178C249C89AC5125FDD1927E8','user.country',0,NULL,'US',14,NULL),
	(148,NOW(),NOW(),X'B76DD097D55648E482A013D03825A389','user.zip',0,NULL,'10461',14,NULL),
	(149,NOW(),NOW(),X'FE162691EFD04C889F2DD6A7A0737B81','user.phone',0,NULL,'718-600-4455',14,NULL),
	(150,NOW(),NOW(),X'323DA29E1C29470792A5A258C1DB2929','user.fax',0,NULL,'',14,NULL);

/*!40000 ALTER TABLE `usermeta` ENABLE KEYS */;
UNLOCK TABLES;

LOCK TABLES `lab` WRITE;
/*!40000 ALTER TABLE `lab` DISABLE KEYS */;

INSERT INTO `lab` (`id`, `created`, `updated`, `uuid`, `departmentid`, `isactive`, `name`, `primaryuserid`, `lastupdatebyuser`)
VALUES
	(1,NOW(),NOW(),X'941E253E1EDC48ABB54A51C2EDFF4C4A',1,1,'Default lab',2,1),
	(2,NOW(),NOW(),X'23F247CE1672458097A7465806AC1AC4',3,1,'Cancer Genetics',6,1),
	(3,NOW(),NOW(),X'423F5A4E97E2453396CB8AA73717BBF0',3,1,'Godwin Lab',8,1),
	(4,NOW(),NOW(),X'713C9DD331F54F00A4AA8DD61D11C4AC',3,1,'Williams Lab',9,1),
	(5,NOW(),NOW(),X'8ED1BB7CD0ED42609600E4CBE1EB2703',2,1,'Zebra Fish Lab',10,1);

/*!40000 ALTER TABLE `lab` ENABLE KEYS */;
UNLOCK TABLES;

LOCK TABLES `labmeta` WRITE;
/*!40000 ALTER TABLE `labmeta` DISABLE KEYS */;

INSERT INTO `labmeta` (`id`, `created`, `updated`, `uuid`, `k`, `position`, `rolevisibility`, `v`, `labid`, `lastupdatebyuser`)
VALUES
	(1,NOW(),NOW(),X'63C2A4BAEDB74A9CA73A04D3FE190614','lab.internal_external_lab',0,NULL,'internal',2,NULL),
	(2,NOW(),NOW(),X'557986714D7E4A7390F269D1E08A64D5','lab.phone',0,NULL,'718-123-4567',2,NULL),
	(3,NOW(),NOW(),X'41D0FF826324422A9EEF500974142A49','lab.building_room',0,NULL,'Price 220',2,NULL),
	(4,NOW(),NOW(),X'EC7EED5C1FC142278492236270B102A8','lab.billing_contact',0,NULL,'John Greally',2,NULL),
	(5,NOW(),NOW(),X'3DAED9710C814667AC67970EF30D72EC','lab.billing_institution',0,NULL,'Einstein',2,NULL),
	(6,NOW(),NOW(),X'12B988232CDD49218D12DF04C88510BE','lab.billing_departmentId',0,NULL,'3',2,NULL),
	(7,NOW(),NOW(),X'4846665F0F024DC18CDDB05F2A55F1C9','lab.billing_building_room',0,NULL,'Price 220',2,NULL),
	(8,NOW(),NOW(),X'574D6A2F5E444F088E5AFF17515D83DF','lab.billing_address',0,NULL,'1301 Morris Park Ave.',2,NULL),
	(9,NOW(),NOW(),X'730B4683C8094D1784FB4E7796C50659','lab.billing_city',0,NULL,'Bronx',2,NULL),
	(10,NOW(),NOW(),X'A00A28C0B2C14A5DBDFFAF005844966F','lab.billing_state',0,NULL,'NY',2,NULL),
	(11,NOW(),NOW(),X'770F142D62FB430D9EC82BB1D4FC72CB','lab.billing_country',0,NULL,'US',2,NULL),
	(12,NOW(),NOW(),X'6F9F7D3D9D0141B19FCA62CCC75ACFC8','lab.billing_zip',0,NULL,'10461',2,NULL),
	(13,NOW(),NOW(),X'A7FB728067AD48A785D07FE98B7C4C4E','lab.billing_phone',0,NULL,'718-123-4567',2,NULL),
	(14,NOW(),NOW(),X'5E094706824542568A1A97D1274E436E','lab.internal_external_lab',0,NULL,'internal',3,NULL),
	(15,NOW(),NOW(),X'44477DEA40C945EDADFA8E2FAF209464','lab.phone',0,NULL,'718-678-1112',3,NULL),
	(16,NOW(),NOW(),X'320DC89BE7E146E5882240EBD5EF152E','lab.building_room',0,NULL,'Price 353',3,NULL),
	(17,NOW(),NOW(),X'5F9DA7EEAAFD44DA953BB9AE57D5343C','lab.billing_contact',0,NULL,'Aaron Goldin',3,NULL),
	(18,NOW(),NOW(),X'323E8FF304034F17989B48C9B1BC8502','lab.billing_institution',0,NULL,'Einstein',3,NULL),
	(19,NOW(),NOW(),X'DC2C37A4B4B8476EAF8743746AE3B79E','lab.billing_departmentId',0,NULL,'3',3,NULL),
	(20,NOW(),NOW(),X'BA8734BE5126414AA29F701331D60535','lab.billing_building_room',0,NULL,'Price 353',3,NULL),
	(21,NOW(),NOW(),X'D244C77610A2420596B4348F5A6AAB12','lab.billing_address',0,NULL,'1301 Morris Park Ave.',3,NULL),
	(22,NOW(),NOW(),X'A06C45B67D3E416DB6E06556AC9AE142','lab.billing_city',0,NULL,'Bronx',3,NULL),
	(23,NOW(),NOW(),X'E146A709033F4CEEBAA13371971F3F4E','lab.billing_state',0,NULL,'NY',3,NULL),
	(24,NOW(),NOW(),X'087D32B89E4849FE91EE352D048B9353','lab.billing_country',0,NULL,'US',3,NULL),
	(25,NOW(),NOW(),X'17A7289B4B104A03891212D4A5FD5FB4','lab.billing_zip',0,NULL,'10461',3,NULL),
	(26,NOW(),NOW(),X'B847BE70F9F74C2D85D8830019BABB3D','lab.billing_phone',0,NULL,'718-678-1112',3,NULL),
	(27,NOW(),NOW(),X'FE571184D47F4BBAA3BCB98216A28CD8','lab.internal_external_lab',0,NULL,'internal',4,NULL),
	(28,NOW(),NOW(),X'32046E36DBD246A4AB8F147A54BF3FA0','lab.phone',0,NULL,'718-678-1019',4,NULL),
	(29,NOW(),NOW(),X'CDBFA00D096D4195AF4ACE4E128A0BB3','lab.building_room',0,NULL,'Price 321',4,NULL),
	(30,NOW(),NOW(),X'953DAA481AF041FF89C2AB67A6CA807B','lab.billing_contact',0,NULL,'Adam Auton',4,NULL),
	(31,NOW(),NOW(),X'8046A75FD5BE42849E8D79D1452AE882','lab.billing_institution',0,NULL,'Einstein',4,NULL),
	(32,NOW(),NOW(),X'96A79F78EEFF4FDD98D3D8CA1B13AE3B','lab.billing_departmentId',0,NULL,'3',4,NULL),
	(33,NOW(),NOW(),X'D9345AFBED634570ADF8FF2801BD64C0','lab.billing_building_room',0,NULL,'Price 321',4,NULL),
	(34,NOW(),NOW(),X'67D0AB5902E945B8B8E20F5AD43CF881','lab.billing_address',0,NULL,'1301 Morris Park Ave.',4,NULL),
	(35,NOW(),NOW(),X'3A0742AD0DD14F43BDD1BD0C21BB2ED9','lab.billing_city',0,NULL,'Bronx',4,NULL),
	(36,NOW(),NOW(),X'9E461DFB365A465F871E521B56CDDEE6','lab.billing_state',0,NULL,'NY',4,NULL),
	(37,NOW(),NOW(),X'0B2CEA5D66C44AC988C8CBB1B448EF50','lab.billing_country',0,NULL,'US',4,NULL),
	(38,NOW(),NOW(),X'EBB205A2F8754FF1947E776246BF37C4','lab.billing_zip',0,NULL,'10461',4,NULL),
	(39,NOW(),NOW(),X'6A05B161A2D342538ABEC44264853B36','lab.billing_phone',0,NULL,'718-678-1019',4,NULL),
	(40,NOW(),NOW(),X'93197D8F33A0476589AB7615365072BC','lab.internal_external_lab',0,NULL,'external',5,NULL),
	(41,NOW(),NOW(),X'5225040D48ED4088B03311BDB21EEE37','lab.phone',0,NULL,'212-321-1091',5,NULL),
	(42,NOW(),NOW(),X'CE73E8FB04334BEEB0F42FF56FE89441','lab.building_room',0,NULL,'Hammer 1101',5,NULL),
	(43,NOW(),NOW(),X'A1795F7F414448CFBB04AC2D173D122F','lab.billing_contact',0,NULL,'Leslie Trokie',5,NULL),
	(44,NOW(),NOW(),X'3FE6D464ACD943F28788AA94B4643A1A','lab.billing_institution',0,NULL,'NYU Medical',5,NULL),
	(45,NOW(),NOW(),X'0366FFD126AA4712B3C63D163408CD1F','lab.billing_departmentId',0,NULL,'3',5,NULL),
	(46,NOW(),NOW(),X'FCA4BA3B40A746AFA84E3ED26331E184','lab.billing_building_room',0,NULL,'Hammer 1101',5,NULL),
	(47,NOW(),NOW(),X'6E949A7357BE4D438DD009738033326E','lab.billing_address',0,NULL,'16-50 32nd Street',5,NULL),
	(48,NOW(),NOW(),X'94EBA94D5F0A4F3DA3E29D2994FF73F3','lab.billing_city',0,NULL,'New York',5,NULL),
	(49,NOW(),NOW(),X'FF2A76A7B6134931BC8F7933657A2213','lab.billing_state',0,NULL,'NY',5,NULL),
	(50,NOW(),NOW(),X'D86CE42B3B9F45D8B878E5C5191424E7','lab.billing_country',0,NULL,'US',5,NULL),
	(51,NOW(),NOW(),X'9904A5A9AC674AEB976A97D7FF56CC46','lab.billing_zip',0,NULL,'10002',5,NULL),
	(52,NOW(),NOW(),X'0AAF3AAC74F14945956693B62A10230D','lab.billing_phone',0,NULL,'212-321-1091',5,NULL),
	(53,NOW(),NOW(),X'1906738D78B84877A5F23229A6A6A54D','lab.internal_external_lab',0,NULL,'internal',1,NULL),
	(54,NOW(),NOW(),X'73EA09CB2E9D4836BA1FF45B46C43E7B','lab.phone',0,NULL,'N/A',1,NULL),
	(55,NOW(),NOW(),X'C79604793E0446148B4DCA0F70894F18','lab.building_room',0,NULL,'N/A',1,NULL),
	(56,NOW(),NOW(),X'ABF6C4F45948459C9B228320FBE82986','lab.billing_contact',0,NULL,'N/A',1,NULL),
	(57,NOW(),NOW(),X'3DE24864434540D4B1946B99DA8DD492','lab.billing_institution',0,NULL,'N/A',1,NULL),
	(58,NOW(),NOW(),X'F09B44E49B434DD0A87D33FCB55998A5','lab.billing_departmentId',0,NULL,'1',1,NULL),
	(59,NOW(),NOW(),X'A737E90224DD47E4BF0CEA110C9EE4FF','lab.billing_building_room',0,NULL,'N/A',1,NULL),
	(60,NOW(),NOW(),X'938D953D39C1496BAC715865BCE795AC','lab.billing_address',0,NULL,'N/A',1,NULL),
	(61,NOW(),NOW(),X'7FC6469F71DB46DDAC80D40BD47465D6','lab.billing_city',0,NULL,'N/A',1,NULL),
	(62,NOW(),NOW(),X'FC2374CCE9914288B2D100D4A6D66266','lab.billing_state',0,NULL,'NY',1,NULL),
	(63,NOW(),NOW(),X'70697A3125D4431C8C0AA73BA22C0477','lab.billing_country',0,NULL,'US',1,NULL),
	(64,NOW(),NOW(),X'C0D22C73D08247F086D594D00D00BF99','lab.billing_zip',0,NULL,'N/A',1,NULL),
	(65,NOW(),NOW(),X'2BCCB620F5D947A7ADE7FF29E08DCD71','lab.billing_phone',0,NULL,'N/A',1,NULL);

/*!40000 ALTER TABLE `labmeta` ENABLE KEYS */;
UNLOCK TABLES;

LOCK TABLES `labuser` WRITE;
/*!40000 ALTER TABLE `labuser` DISABLE KEYS */;

INSERT INTO `labuser` (`id`, `created`, `updated`, `uuid`, `labid`, `roleid`, `userid`, `lastupdatebyuser`)
VALUES
	(1,NOW(),NOW(),X'013E4F12B503438E872CF4BF6DFF6E05',1,6,2,1),
	(2,NOW(),NOW(),X'560BBFF18C724606A37BB9E8F13EDDB2',2,6,6,3),
	(3,NOW(),NOW(),X'F569EE4186A944598B3ECEB56B47796A',2,8,7,5),
	(4,NOW(),NOW(),X'9B0A0DC86F9444AC81835CAC63D77112',3,6,8,1),
	(5,NOW(),NOW(),X'99837551B5884E2BAA098A1B211B45E7',4,6,9,3),
	(6,NOW(),NOW(),X'8EB4A086650949BEA30028DE93BE09B3',5,6,10,1),
	(7,NOW(),NOW(),X'89F17FF358774A6591FF3B1A62E672E4',2,7,11,5),
	(8,NOW(),NOW(),X'12D310ECF107431D975A99E632FCE330',3,8,13,7);

/*!40000 ALTER TABLE `labuser` ENABLE KEYS */;
UNLOCK TABLES;

LOCK TABLES `department` WRITE;
/*!40000 ALTER TABLE `department` DISABLE KEYS */;

INSERT INTO `department` (`id`, `created`, `updated`, `uuid`, `isactive`, `isinternal`, `name`, `lastupdatebyuser`)
VALUES
	(1,NOW(),NOW(),X'0600D7F8266244A1B6859FB093D53732',1,1,'Internal - Default Department',1),
	(2,NOW(),NOW(),X'4F8F79D5CC3A4A63BE2639D92BCF65DC',1,0,'External - Default Department',1),
	(3,NOW(),NOW(),X'3FC1CF2A815B40FE924EF12048C3EE3B',1,1,'Genetics',1);

/*!40000 ALTER TABLE `department` ENABLE KEYS */;
UNLOCK TABLES;


LOCK TABLES `departmentuser` WRITE;
/*!40000 ALTER TABLE `departmentuser` DISABLE KEYS */;

INSERT INTO `departmentuser` (`id`, `created`, `updated`, `uuid`, `departmentid`, `userid`, `lastupdatebyuser`)
VALUES
	(1,NOW(),NOW(),X'B6C57D2B806E4450BB0F8DE05271090D',1,4,1),
	(2,NOW(),NOW(),X'A881201ACDE745439CBADDC805D4D8D2',3,4,1),
	(3,NOW(),NOW(),X'24F8A6B1AED74C46898601C832289071',2,14,1);

/*!40000 ALTER TABLE `departmentuser` ENABLE KEYS */;
UNLOCK TABLES;


SET FOREIGN_KEY_CHECKS = 1;

